시도,시군구,총계-개소수,총계-이용량,전작용-개소수,전작용-이용량,답작용-개소수,답작용-이용량,원예용-개소수,원예용-이용량,수산업용-개소수,수산업용-이용량,축산업용-개소수,축산업용-이용량,양어장용-개소수,양어장용-이용량,기타-개소수,기타-이용량
서울특별시,강남구,785,218951,288,11501,445,189232,44,17648,0,0,0,0,0,0,8,570
서울특별시,강동구,265,308436,212,227503,13,19285,21,26228,0,0,0,0,0,0,19,35420
서울특별시,강북구,1,300,1,300,0,0,0,0,0,0,0,0,0,0,0,0
서울특별시,강서구,137,227217,94,156371,29,18288,8,8886,0,0,0,0,0,0,6,43672
서울특별시,관악구,5,1018,0,0,4,1017,0,0,0,0,0,0,0,0,1,1
서울특별시,광진구,3,329549,0,0,2,328500,0,0,0,0,0,0,0,0,1,1049
서울특별시,구로구,34,64475,15,45151,14,14333,2,2360,0,0,0,0,0,0,3,2631
서울특별시,금천구,1,7200,0,0,0,0,0,0,0,0,0,0,0,0,1,7200
서울특별시,노원구,25,34511,13,17214,5,6742,6,9539,0,0,0,0,0,0,1,1016
서울특별시,도봉구,37,29663,25,22741,0,0,5,3032,0,0,0,0,0,0,7,3890
서울특별시,동대문구,3,1153,0,0,0,0,3,1153,0,0,0,0,0,0,0,0
서울특별시,동작구,4,4205,0,0,1,0,0,0,0,0,0,0,0,0,3,4205
서울특별시,마포구,7,4133,2,0,0,0,0,0,0,0,0,0,0,0,5,4133
서울특별시,서대문구,1,292,0,0,0,0,0,0,0,0,0,0,0,0,1,292
서울특별시,서초구,768,545731,77,95596,40,27856,463,286444,0,0,1,600,0,0,187,135235
서울특별시,성동구,0,0,0,0,0,0,0,0,0,0,0,0,0,0,0,0
서울특별시,성북구,3,2194,0,0,1,594,1,1234,0,0,0,0,0,0,1,366
서울특별시,송파구,80,110852,9,17866,7,11247,59,75281,0,0,0,0,0,0,5,6458
서울특별시,양천구,8,20687,6,12403,0,0,2,8284,0,0,0,0,0,0,0,0
서울특별시,영등포구,4,62415,0,0,0,0,2,24090,0,0,0,0,0,0,2,38325
서울특별시,용산구,0,0,0,0,0,0,0,0,0,0,0,0,0,0,0,0
서울특별시,은평구,26,11768,6,6000,10,0,6,0,0,0,0,0,0,0,4,5768
서울특별시,종로구,6,12472,0,0,4,9867,2,2605,0,0,0,0,0,0,0,0
서울특별시,중구,0,0,0,0,0,0,0,0,0,0,0,0,0,0,0,0
서울특별시,중랑구,13,21134,6,12381,0,0,5,6161,0,0,0,0,0,0,2,2592
부산광역시,강서구,44,195578,15,69296,10,71980,4,7212,0,0,0,0,1,9600,14,37490
부산광역시,금정구,109,329349,37,113297,45,128002,18,51071,0,0,0,0,1,3600,8,33379
부산광역시,기장군,872,2896398,604,1966805,120,335560,99,396621,2,2473,2,4634,5,19318,40,170987
부산광역시,남구,17,52957,0,0,0,0,1,18200,0,0,0,0,0,0,16,34757
부산광역시,동구,1,800,0,0,0,0,0,0,0,0,0,0,0,0,1,800
부산광역시,동래구,6,3170,1,220,0,0,3,1799,0,0,0,0,0,0,2,1151
부산광역시,부산진구,8,30132,1,10950,0,0,6,9211,0,0,0,0,0,0,1,9971
부산광역시,북구,11,21072,5,17320,5,2566,1,1186,0,0,0,0,0,0,0,0
부산광역시,사상구,2,3075,1,2115,0,0,0,0,0,0,0,0,0,0,1,960
부산광역시,사하구,6,19280,0,0,0,0,1,730,3,12777,0,0,0,0,2,5773
부산광역시,서구,8,26139,0,0,0,0,0,0,0,0,0,0,2,18000,6,8139
부산광역시,수영구,15,138451,0,0,0,0,0,0,5,103412,0,0,3,20161,7,14878
부산광역시,연제구,2,5500,0,0,0,0,2,5500,0,0,0,0,0,0,0,0
부산광역시,영도구,0,0,0,0,0,0,0,0,0,0,0,0,0,0,0,0
부산광역시,중구,2,6096,0,0,0,0,0,0,1,3066,0,0,0,0,1,3030
부산광역시,해운대구,25,207376,10,24371,1,7200,12,167184,0,0,0,0,0,0,2,8621
대구광역시,남구,9,63296,0,0,0,0,0,0,0,0,0,0,0,0,9,63296
대구광역시,달서구,27,40813,8,12900,10,11921,9,15992,0,0,0,0,0,0,0,0
대구광역시,달성군,1135,5158147,239,1170775,743,3254683,15,50624,0,0,98,146587,5,30000,35,505478
대구광역시,동구,672,1121479,457,838882,141,129494,12,15500,0,0,1,4380,1,1095,60,132128
대구광역시,북구,167,465592,89,157536,38,78793,4,39787,0,0,7,5323,1,927,28,183226
대구광역시,서구,9,50452,3,7436,2,2100,0,0,0,0,0,0,0,0,4,40916
대구광역시,수성구,134,259584,87,162258,21,17384,12,16451,0,0,0,0,0,0,14,63491
대구광역시,중구,7,80400,2,18600,0,0,0,0,0,0,0,0,0,0,5,61800
인천광역시,강화군,3514,6222700,1459,3357560,1787,1986320,133,318222,14,19007,14,26799,12,30352,95,484440
인천광역시,계양구,751,1713387,593,1246454,132,354381,8,39948,0,0,5,14600,2,21485,11,36519
인천광역시,남구,0,0,0,0,0,0,0,0,0,0,0,0,0,0,0,0
인천광역시,남동구,570,1078930,477,875317,12,23373,34,76415,0,0,0,0,2,4077,45,99748
인천광역시,동구,0,0,0,0,0,0,0,0,0,0,0,0,0,0,0,0
인천광역시,미추홀구,2,6205,1,5475,0,0,0,0,0,0,0,0,0,0,1,730
인천광역시,부평구,18,39202,14,24881,0,0,2,2098,0,0,0,0,0,0,2,12223
인천광역시,북구,0,0,0,0,0,0,0,0,0,0,0,0,0,0,0,0
인천광역시,서구,295,485229,230,295386,29,18485,15,37546,0,0,5,21950,1,3580,15,108282
인천광역시,연수구,13,34770,4,8878,1,1211,3,4776,0,0,0,0,2,14932,3,4973
인천광역시,옹진군,531,1013328,330,590951,158,183408,9,10715,2,37960,1,8322,5,38804,26,143168
인천광역시,중구,553,4464308,358,3271204,63,992634,0,0,13,75203,1,480,2,4370,116,120417
광주광역시,광산구,2940,1113627,565,374892,959,471649,1356,231601,2,590,56,9345,2,25550,0,0
광주광역시,남구,1720,2961552,292,584645,725,1399238,690,946887,0,0,2,2802,0,0,11,27980
광주광역시,동구,69,100087,32,54304,25,31921,7,7369,0,0,0,0,1,730,4,5763
광주광역시,북구,541,776703,179,387347,280,265590,66,94442,0,0,5,1908,2,11383,9,16033
광주광역시,서구,848,931848,132,223411,408,320087,223,269653,0,0,3,1469,0,0,82,117228
대전광역시,대덕구,507,513235,165,256613,264,160232,43,47347,0,0,0,0,0,0,35,49043
대전광역시,동구,1119,1476719,468,737427,567,323156,40,20436,0,0,7,9950,1,10950,36,374800
대전광역시,서구,754,1380134,270,496291,385,517911,68,228001,0,0,24,28063,0,0,7,109868
대전광역시,유성구,1688,2099923,328,622392,1064,1112479,216,236852,1,1460,5,4980,0,0,74,121760
대전광역시,중구,354,654517,179,260114,134,283338,12,13019,0,0,4,3398,3,9054,22,85594
울산광역시,남구,30,117104,10,18945,3,11828,9,8961,0,0,0,0,0,0,8,77370
울산광역시,동구,21,20845,13,11189,4,5170,2,2316,1,453,0,0,0,0,1,1717
울산광역시,북구,233,592698,130,378157,66,131967,24,61056,1,3650,11,15860,0,0,1,2008
울산광역시,울주군,1333,2451975,343,603352,629,617981,231,266031,0,0,73,164874,3,4560,54,795177
울산광역시,중구,56,238691,21,99530,7,52225,11,14222,0,0,0,0,0,0,17,72714
세종특별자치시,세종시,9845,9593566,1760,2999082,7199,5092784,542,653368,1,1641,181,332935,6,9377,156,504379
경기도,가평군,2360,3335637,1592,2616294,598,376058,88,136670,8,21192,42,64012,11,48185,21,73226
경기도,강화군,0,0,0,0,0,0,0,0,0,0,0,0,0,0,0,0
경기도,고양군,0,0,0,0,0,0,0,0,0,0,0,0,0,0,0,0
경기도,고양시,7853,13068970,5696,10256142,1407,1506286,409,532690,0,0,37,111422,7,28100,297,634330
경기도,고양시 덕양구,0,0,0,0,0,0,0,0,0,0,0,0,0,0,0,0
경기도,고양시 일산구,0,0,0,0,0,0,0,0,0,0,0,0,0,0,0,0
경기도,고양시 일산동구,0,0,0,0,0,0,0,0,0,0,0,0,0,0,0,0
경기도,고양시 일산서구,0,0,0,0,0,0,0,0,0,0,0,0,0,0,0,0
경기도,과천시,1011,808776,235,203669,268,155770,491,430317,0,0,1,300,0,0,16,18720
경기도,광명시,1412,1977397,652,1060250,67,52438,435,508839,0,0,16,22497,0,0,242,333373
경기도,광주군,0,0,0,0,0,0,0,0,0,0,0,0,0,0,0,0
경기도,광주시,1699,2519271,1129,1856933,351,228892,14,16589,1,365,25,24147,0,0,179,392345
경기도,구리시,313,694454,260,581052,30,92859,10,11827,0,0,3,3504,2,750,8,4462
경기도,군포시,387,575547,288,470669,36,22006,29,34054,0,0,2,1887,1,1440,31,45491
경기도,김포군,0,0,0,0,0,0,0,0,0,0,0,0,0,0,0,0
경기도,김포시,2958,4380788,1689,2841595,847,508298,24,23541,2,9380,64,73894,7,55082,325,868998
경기도,남양주군,0,0,0,0,0,0,0,0,0,0,0,0,0,0,0,0
경기도,남양주시,3386,4902331,1976,3023482,741,476962,51,56349,3,8732,43,59805,4,7226,568,1269775
경기도,동두천시,424,732300,280,497888,85,120394,15,15976,0,0,21,62017,0,0,23,36025
경기도,미금시,0,0,0,0,0,0,0,0,0,0,0,0,0,0,0,0
경기도,부천군,0,0,0,0,0,0,0,0,0,0,0,0,0,0,0,0
경기도,부천시,273,418398,165,275477,35,23211,24,28315,0,0,6,8326,1,4380,42,78689
경기도,부천시 남구,0,0,0,0,0,0,0,0,0,0,0,0,0,0,0,0
경기도,부천시 소사구,0,0,0,0,0,0,0,0,0,0,0,0,0,0,0,0
경기도,부천시 오정구,0,0,0,0,0,0,0,0,0,0,0,0,0,0,0,0
경기도,부천시 원미구,0,0,0,0,0,0,0,0,0,0,0,0,0,0,0,0
경기도,부천시 중구,0,0,0,0,0,0,0,0,0,0,0,0,0,0,0,0
경기도,성남시,532,1449209,283,763281,98,305793,72,191506,0,0,0,0,0,0,79,188629
경기도,성남시 분당구,0,0,0,0,0,0,0,0,0,0,0,0,0,0,0,0
경기도,성남시 수정구,0,0,0,0,0,0,0,0,0,0,0,0,0,0,0,0
경기도,성남시 중원구,0,0,0,0,0,0,0,0,0,0,0,0,0,0,0,0
경기도,송탄시,0,0,0,0,0,0,0,0,0,0,0,0,0,0,0,0
경기도,수원시,1083,1214256,571,822515,380,254077,54,69218,0,0,4,4766,1,1569,73,62111
경기도,수원시 권선구,0,0,0,0,0,0,0,0,0,0,0,0,0,0,0,0
경기도,수원시 영통구,0,0,0,0,0,0,0,0,0,0,0,0,0,0,0,0
경기도,수원시 장안구,0,0,0,0,0,0,0,0,0,0,0,0,0,0,0,0
경기도,수원시 팔달구,0,0,0,0,0,0,0,0,0,0,0,0,0,0,0,0
경기도,시흥군,0,0,0,0,0,0,0,0,0,0,0,0,0,0,0,0
경기도,시흥시,2767,1603802,2075,1156362,587,151252,46,36301,2,18250,17,4320,6,34736,34,202581
경기도,안산시,1361,1967494,847,1404672,357,222148,39,48192,0,0,5,3728,14,8041,99,280713
경기도,안산시 단원구,0,0,0,0,0,0,0,0,0,0,0,0,0,0,0,0
경기도,안산시 상록구,0,0,0,0,0,0,0,0,0,0,0,0,0,0,0,0
경기도,안성군,0,0,0,0,0,0,0,0,0,0,0,0,0,0,0,0
경기도,안성시,12975,16396985,3601,6388098,8407,7615110,261,328031,3,7297,552,1627206,13,208797,138,222446
경기도,안양시,93,127699,51,79320,22,15374,17,20203,0,0,0,0,0,0,3,12802
경기도,안양시 동안구,0,0,0,0,0,0,0,0,0,0,0,0,0,0,0,0
경기도,안양시 만안구,0,0,0,0,0,0,0,0,0,0,0,0,0,0,0,0
경기도,양주군,0,0,0,0,0,0,0,0,0,0,0,0,0,0,0,0
경기도,양주시,5817,9028989,3588,5109125,2021,3182437,36,85320,0,0,118,299358,2,9700,52,343049
경기도,양평군,11174,25730249,2998,6969232,7627,17171612,116,434733,3,16990,310,455799,37,343960,83,337923
경기도,여주군,0,0,0,0,0,0,0,0,0,0,0,0,0,0,0,0
경기도,여주시,7879,14260327,1693,2860421,5507,4928838,87,120155,9,63720,254,1291323,12,109295,317,4886575
경기도,연천군,2449,3604897,1143,1950415,969,886350,102,126260,4,7094,172,290449,4,10015,55,334314
경기도,오산시,289,733562,126,267631,148,397877,9,55521,0,0,3,8492,0,0,3,4041
경기도,옹진군,0,0,0,0,0,0,0,0,0,0,0,0,0,0,0,0
경기도,용인군,0,0,0,0,0,0,0,0,0,0,0,0,0,0,0,0
경기도,용인시,2332,5191452,1071,1796718,741,1698498,64,171266,1,1460,73,249875,2,24000,380,1249635
경기도,용인시 기흥구,0,0,0,0,0,0,0,0,0,0,0,0,0,0,0,0
경기도,용인시 수지구,0,0,0,0,0,0,0,0,0,0,0,0,0,0,0,0
경기도,용인시 처인구,0,0,0,0,0,0,0,0,0,0,0,0,0,0,0,0
경기도,의왕시,781,1194413,487,799471,58,39140,75,86434,3,4799,7,11541,5,8600,146,244428
경기도,의정부시,724,832188,365,387701,278,297764,47,26317,1,0,6,2667,1,14400,26,103339
경기도,이천군,0,0,0,0,0,0,0,0,0,0,0,0,0,0,0,0
경기도,이천시,10630,13717681,3050,5299888,6546,5287698,730,864763,1,5475,202,774667,2,9580,99,1475610
경기도,인천시,0,0,0,0,0,0,0,0,0,0,0,0,0,0,0,0
경기도,인천시 남구,0,0,0,0,0,0,0,0,0,0,0,0,0,0,0,0
경기도,인천시 동구,0,0,0,0,0,0,0,0,0,0,0,0,0,0,0,0
경기도,인천시 북구,0,0,0,0,0,0,0,0,0,0,0,0,0,0,0,0
경기도,인천시 중구,0,0,0,0,0,0,0,0,0,0,0,0,0,0,0,0
경기도,파주군,0,0,0,0,0,0,0,0,0,0,0,0,0,0,0,0
경기도,파주시,3654,7257762,833,1377353,1167,839387,37,44813,0,0,89,645023,25,452552,1503,3898634
경기도,평택군,0,0,0,0,0,0,0,0,0,0,0,0,0,0,0,0
경기도,평택시,3941,5461429,1310,2305275,2188,1531806,161,205827,13,115600,147,374391,32,159766,90,768764
경기도,포천군,0,0,0,0,0,0,0,0,0,0,0,0,0,0,0,0
경기도,포천시,2514,3979253,1522,2566079,809,605315,11,14058,1,1825,97,476459,7,69462,67,246055
경기도,하남시,1215,1981656,890,1493862,52,35323,31,33758,6,10282,0,0,4,22100,232,386331
경기도,화성군,0,0,0,0,0,0,0,0,0,0,0,0,0,0,0,0
경기도,화성시,3061,4546737,1575,2348032,636,375249,282,306906,7,14555,112,133603,13,98144,436,1270248
강원도,강릉시,2222,5306626,1486,3847253,523,877512,91,140417,12,16727,38,166370,13,42479,59,215868
강원도,고성군,1415,4314632,427,683347,830,3224048,14,25231,1,1379,52,71895,7,5808,84,302924
강원도,동해시,320,525630,193,346240,63,50071,6,8026,0,0,2,353,0,0,56,120940
강원도,명주군,0,0,0,0,0,0,0,0,0,0,0,0,0,0,0,0
강원도,삼척군,0,0,0,0,0,0,0,0,0,0,0,0,0,0,0,0
강원도,삼척시,793,4570955,456,2443215,289,1889307,22,27536,1,1941,4,16637,4,71582,17,120737
강원도,속초시,288,624489,239,543537,21,23912,13,32229,1,1386,9,13066,1,2069,4,8290
강원도,양구군,2996,4825032,624,1138402,2251,3495211,30,48774,1,2190,31,45977,7,17420,52,77058
강원도,양양군,1039,1015557,246,366834,678,402716,9,11293,0,0,16,22828,7,50378,83,161508
강원도,영월군,1158,1705104,832,1369431,203,174858,66,57708,2,4846,21,26424,9,28831,25,43006
강원도,울진군,0,0,0,0,0,0,0,0,0,0,0,0,0,0,0,0
강원도,원성군,0,0,0,0,0,0,0,0,0,0,0,0,0,0,0,0
강원도,원주군,0,0,0,0,0,0,0,0,0,0,0,0,0,0,0,0
강원도,원주시,7353,7641413,2725,4262509,4147,2504016,321,369537,6,13740,121,295471,16,110365,17,85775
강원도,인제군,328,819614,206,381857,34,123846,15,17154,0,0,30,45047,9,95005,34,156705
강원도,정선군,525,1766648,442,1378775,1,554,49,65288,0,0,14,20663,13,291360,6,10008
강원도,철원군,2352,3842954,1395,2323160,855,1153295,6,9618,0,0,79,297920,8,48040,9,10921
강원도,춘성군,0,0,0,0,0,0,0,0,0,0,0,0,0,0,0,0
강원도,춘천군,0,0,0,0,0,0,0,0,0,0,0,0,0,0,0,0
강원도,춘천시,8231,19004483,4868,9373011,2954,6580547,129,156492,9,113705,67,104246,139,2461143,65,215339
강원도,태백시,63,239987,40,139537,2,40510,2,19800,0,0,3,4628,0,0,16,35512
강원도,평창군,1287,4113785,1116,3356549,41,51001,47,135042,2,7300,30,140000,19,183540,32,240353
강원도,홍천군,2702,2646094,1618,1620719,908,576067,58,67126,0,0,81,183157,12,168813,25,30212
강원도,화천군,1921,5044595,1282,2133649,367,370246,13,15497,1,0,107,371783,51,443079,100,1710341
강원도,횡성군,4200,11049166,1291,2078866,2315,6660564,132,350279,5,23725,166,488986,8,13187,283,1433559
충청북도,괴산군,3993,5845121,1939,3896329,1547,1079147,218,267811,2,7600,125,199380,15,46372,147,348482
충청북도,단양군,400,942747,288,519997,32,40022,8,10139,0,0,32,15526,4,12227,36,344836
충청북도,보은군,5098,9935764,1934,4940370,2418,3240159,261,429636,0,0,122,190397,7,112470,356,1022732
충청북도,영동군,5519,16288481,3823,9216208,857,2482992,396,3039526,0,0,114,413999,4,40001,325,1095755
충청북도,옥천군,7531,10111620,2482,4323319,3084,2718088,1658,2015746,4,25300,153,293835,18,278030,132,457302
충청북도,음성군,8529,17114163,4374,9363824,3096,4317191,238,738454,2,6000,314,1027115,10,60952,495,1600627
충청북도,제원군,0,0,0,0,0,0,0,0,0,0,0,0,0,0,0,0
충청북도,제천군,0,0,0,0,0,0,0,0,0,0,0,0,0,0,0,0
충청북도,제천시,5479,19076541,4156,16179967,1042,1661032,50,178993,0,0,97,251763,17,225850,117,578936
충청북도,중원군,0,0,0,0,0,0,0,0,0,0,0,0,0,0,0,0
충청북도,증평군,2036,3284452,440,891495,1380,1991707,54,95131,2,7300,130,231278,2,7300,28,60241
충청북도,진천군,4160,12798917,476,1224718,3041,9674378,165,517593,1,5600,260,718301,75,261929,142,396398
충청북도,청원군,0,0,0,0,0,0,0,0,0,0,0,0,0,0,0,0
충청북도,청주시,24510,24819422,3461,7151642,19456,14316667,978,1663085,4,13400,286,590960,24,210404,301,873264
충청북도,청주시 상당구,0,0,0,0,0,0,0,0,0,0,0,0,0,0,0,0
충청북도,청주시 서원구,0,0,0,0,0,0,0,0,0,0,0,0,0,0,0,0
충청북도,청주시 청원구,0,0,0,0,0,0,0,0,0,0,0,0,0,0,0,0
충청북도,청주시 흥덕구,0,0,0,0,0,0,0,0,0,0,0,0,0,0,0,0
충청북도,충주시,10776,25000664,5054,9607885,1960,2045986,1668,2446699,2,4968,241,732903,155,5504525,1696,4657698
충청남도,계룡시,309,713516,30,59957,230,562825,15,19287,0,0,1,1500,0,0,33,69947
충청남도,공주군,0,0,0,0,0,0,0,0,0,0,0,0,0,0,0,0
충청남도,공주시,12409,29821484,2956,4914775,5093,10486800,100,378423,0,0,59,199423,4,4880,4197,13837183
충청남도,금산군,8554,10605957,1056,1822772,7151,5805506,113,147105,4,58765,32,221950,4,143137,194,2406722
충청남도,논산군,0,0,0,0,0,0,0,0,0,0,0,0,0,0,0,0
충청남도,논산시,15129,21122328,1352,2625048,5926,8047372,7363,8877609,7,10173,364,677267,23,56284,94,828575
충청남도,당진군,0,0,0,0,0,0,0,0,0,0,0,0,0,0,0,0
충청남도,당진시,5063,12189613,2671,5401295,775,696119,196,243869,14,304630,141,267544,22,558196,1244,4717960
충청남도,대덕군,0,0,0,0,0,0,0,0,0,0,0,0,0,0,0,0
충청남도,대전시,0,0,0,0,0,0,0,0,0,0,0,0,0,0,0,0
충청남도,대전시 동구,0,0,0,0,0,0,0,0,0,0,0,0,0,0,0,0
충청남도,대전시 서구,0,0,0,0,0,0,0,0,0,0,0,0,0,0,0,0
충청남도,대전시 중구,0,0,0,0,0,0,0,0,0,0,0,0,0,0,0,0
충청남도,대천시,0,0,0,0,0,0,0,0,0,0,0,0,0,0,0,0
충청남도,보령군,0,0,0,0,0,0,0,0,0,0,0,0,0,0,0,0
충청남도,보령시,6370,19638980,910,1916800,5058,16791890,200,471858,41,89511,132,310032,13,36862,16,22027
충청남도,부여군,10640,8991432,620,1042210,8217,5645283,1580,1899627,3,4080,90,132030,18,61947,112,206255
충청남도,서산군,0,0,0,0,0,0,0,0,0,0,0,0,0,0,0,0
충청남도,서산시,20994,22550386,5514,10815607,14694,10088992,618,755055,2,6450,124,391981,8,373900,34,118401
충청남도,서천군,8275,10682433,3083,6245628,4842,3433861,132,158533,96,424687,80,180164,28,184650,14,54910
충청남도,아산군,0,0,0,0,0,0,0,0,0,0,0,0,0,0,0,0
충청남도,아산시,6768,12664573,2857,4292281,3040,5826778,616,1992078,3,26350,214,457328,13,28549,25,41209
충청남도,연기군,0,0,0,0,0,0,0,0,0,0,0,0,0,0,0,0
충청남도,예산군,5601,13781684,1585,4725115,3436,6762164,344,1645771,1,2409,117,205158,4,22701,114,418366
충청남도,온양시,0,0,0,0,0,0,0,0,0,0,0,0,0,0,0,0
충청남도,천안군,0,0,0,0,0,0,0,0,0,0,0,0,0,0,0,0
충청남도,천안시,13584,16404888,5564,10795193,7030,4019678,657,753701,2,3317,287,554150,2,8000,42,270849
충청남도,천안시 동남구,0,0,0,0,0,0,0,0,0,0,0,0,0,0,0,0
충청남도,천안시 서북구,0,0,0,0,0,0,0,0,0,0,0,0,0,0,0,0
충청남도,천원군,0,0,0,0,0,0,0,0,0,0,0,0,0,0,0,0
충청남도,청양군,5680,5350309,719,1242632,4061,2797280,660,831025,1,7200,104,217515,9,92750,126,161907
충청남도,태안군,9548,10815288,2999,5997578,6390,4161115,47,56809,14,38379,17,35303,5,23471,76,502633
충청남도,홍성군,9396,10736367,2685,5371292,5946,3947767,233,277472,4,4145,347,624584,6,33822,175,477285
전라북도,고창군,34429,29933107,2100,3044995,30647,23374361,1324,1816569,19,31377,120,207228,178,1354938,41,103639
전라북도,군산시,920,1392072,352,697492,442,382251,53,61367,11,65546,19,23574,17,76895,26,84947
전라북도,금산군,0,0,0,0,0,0,0,0,0,0,0,0,0,0,0,0
전라북도,김제군,0,0,0,0,0,0,0,0,0,0,0,0,0,0,0,0
전라북도,김제시,13741,14671430,1825,3234920,10500,8633761,751,950415,4,36135,281,499055,31,200529,349,1116615
전라북도,남원군,0,0,0,0,0,0,0,0,0,0,0,0,0,0,0,0
전라북도,남원시,20742,18028820,1842,3124643,16932,11255535,944,1142382,624,721343,312,1576757,9,84166,79,123994
전라북도,무주군,1418,4696037,815,1474388,210,224530,77,105593,0,0,5,9565,0,0,311,2881961
전라북도,부안군,10034,6135735,680,795073,7805,3369649,362,154672,7,110694,73,157220,13,255013,1094,1293414
전라북도,순창군,9126,9547145,498,884874,8434,6506889,78,104444,0,0,40,418866,5,519,71,1631553
전라북도,옥구군,0,0,0,0,0,0,0,0,0,0,0,0,0,0,0,0
전라북도,완주군,11835,13489141,3595,6108868,7300,5457496,721,865214,3,36135,115,352488,16,126780,85,542160
전라북도,이리시,0,0,0,0,0,0,0,0,0,0,0,0,0,0,0,0
전라북도,익산군,0,0,0,0,0,0,0,0,0,0,0,0,0,0,0,0
전라북도,익산시,11911,8959746,625,1049136,10646,6527554,361,433985,7,182555,128,268621,16,229630,128,268265
전라북도,임실군,4759,7459346,368,773237,4221,5727263,75,182744,1,244,31,112852,11,274520,52,388486
전라북도,장수군,3659,6185086,868,1850604,2236,1781490,327,439974,0,0,26,231806,0,0,202,1881212
전라북도,전주시,2409,4750230,1423,2699589,691,794730,201,341158,0,0,4,30663,6,50704,84,833386
전라북도,전주시 덕진구,0,0,0,0,0,0,0,0,0,0,0,0,0,0,0,0
전라북도,전주시 완산구,0,0,0,0,0,0,0,0,0,0,0,0,0,0,0,0
전라북도,정읍군,0,0,0,0,0,0,0,0,0,0,0,0,0,0,0,0
전라북도,정읍시,19433,18381678,2674,4460812,14542,10280108,213,263047,0,0,147,193575,14,7200,1843,3176936
전라북도,정주시,0,0,0,0,0,0,0,0,0,0,0,0,0,0,0,0
전라북도,진안군,2021,9229353,380,1488849,1310,5412112,47,147051,0,0,65,148817,4,37800,215,1994724
전라남도,강진군,5365,6317916,212,362650,4706,4262186,133,174399,8,188705,46,320664,29,803785,231,205527
전라남도,고흥군,10523,9058347,1688,3178081,7933,4455206,853,1158985,17,131663,5,25430,6,19394,21,89588
전라남도,곡성군,8346,14204146,1556,2714390,4857,3787426,1396,5958351,1,0,68,256304,26,546832,442,940843
전라남도,광산군,0,0,0,0,0,0,0,0,0,0,0,0,0,0,0,0
전라남도,광양군,0,0,0,0,0,0,0,0,0,0,0,0,0,0,0,0
전라남도,광양시,3321,8499203,610,1688657,1750,5653230,801,766277,2,2529,24,31620,12,10451,122,346439
전라남도,광주시,0,0,0,0,0,0,0,0,0,0,0,0,0,0,0,0
전라남도,광주시 동구,0,0,0,0,0,0,0,0,0,0,0,0,0,0,0,0
전라남도,광주시 북구,0,0,0,0,0,0,0,0,0,0,0,0,0,0,0,0
전라남도,광주시 서구,0,0,0,0,0,0,0,0,0,0,0,0,0,0,0,0
전라남도,구례군,2194,2948865,605,1043483,1121,1093022,144,189381,0,0,7,2047,3,69350,314,551582
전라남도,금성시,0,0,0,0,0,0,0,0,0,0,0,0,0,0,0,0
전라남도,나주군,0,0,0,0,0,0,0,0,0,0,0,0,0,0,0,0
전라남도,나주시,5420,11206424,879,1499226,1409,960496,1525,1832243,1,270,109,89709,16,483600,1481,6340880
전라남도,담양군,9119,60479900,508,3008702,6102,41617058,2144,14179729,1,9000,136,534450,20,193573,208,937388
전라남도,동광양시,0,0,0,0,0,0,0,0,0,0,0,0,0,0,0,0
전라남도,목포시,104,345758,54,101193,40,53696,1,12510,2,3600,0,0,2,5456,5,169303
전라남도,무안군,14393,17763673,6742,11369810,6799,5112854,708,876397,2,4182,84,141053,7,197665,51,61712
전라남도,보성군,6280,6425908,413,741241,5342,4485401,348,444577,2,11623,7,15205,1,18250,167,709611
전라남도,송정시,0,0,0,0,0,0,0,0,0,0,0,0,0,0,0,0
전라남도,순천시,7816,23575450,1257,4993926,5980,16407186,300,1194230,13,39780,32,40823,7,43358,227,856147
전라남도,승주군,0,0,0,0,0,0,0,0,0,0,0,0,0,0,0,0
전라남도,신안군,372,1302533,124,320488,160,726011,0,0,3,0,1,6480,0,0,84,249554
전라남도,여수시,3557,3778062,1287,2263558,1800,679808,381,391458,29,146048,9,16249,7,101360,44,179581
전라남도,여천군,0,0,0,0,0,0,0,0,0,0,0,0,0,0,0,0
전라남도,여천시,0,0,0,0,0,0,0,0,0,0,0,0,0,0,0,0
전라남도,영광군,7022,10974256,4125,7227679,2637,2017013,94,114785,13,301660,79,186920,61,1072452,13,53747
전라남도,영암군,4317,9635040,1303,2392021,2128,2636400,691,1102259,0,0,25,173660,15,421028,155,2909672
전라남도,완도군,3001,11481712,331,2409923,680,3930611,456,2435611,123,78078,3,1884,5,141774,1403,2483831
전라남도,장성군,4776,6006568,557,980319,3513,2883486,597,980693,2,18250,23,236333,9,134685,75,772802
전라남도,장흥군,4110,13127820,576,1345503,3026,9421996,136,627872,14,154510,242,652468,24,511771,92,413700
전라남도,진도군,2197,3588160,944,1716741,1037,921413,161,212831,1,7300,5,74825,6,166075,43,488975
전라남도,함평군,7101,11849570,917,2621920,5615,6641029,294,569351,16,149350,69,437215,40,365708,150,1064997
전라남도,해남군,19590,24002365,4894,8572309,13384,13505490,806,1452171,35,58045,194,103604,23,73497,254,237249
전라남도,화순군,1503,2190129,252,455404,750,740074,236,330709,1,7300,25,52797,6,36650,233,567195
경상북도,경산군,0,0,0,0,0,0,0,0,0,0,0,0,0,0,0,0
경상북도,경산시,2055,6202037,1393,3713511,514,748666,13,17038,0,0,46,71615,0,0,89,1651207
경상북도,경주군,0,0,0,0,0,0,0,0,0,0,0,0,0,0,0,0
경상북도,경주시,1415,3001393,676,1482034,563,1069472,103,156322,1,709,51,199094,1,1935,20,91827
경상북도,고령군,2006,17019998,388,1568247,1056,9077345,211,894189,1,32560,16,92362,1,30110,333,5325185
경상북도,구미시,864,2110892,358,834946,383,660641,33,48872,1,1080,31,64417,6,129170,52,371766
경상북도,군위군,1586,16540756,850,4412334,504,11043939,34,459365,0,0,9,77482,1,1416,188,546220
경상북도,금릉군,0,0,0,0,0,0,0,0,0,0,0,0,0,0,0,0
경상북도,김천시,11483,22304077,10057,20406713,941,815196,20,25689,0,0,11,67721,1,365,453,988393
경상북도,달성군,0,0,0,0,0,0,0,0,0,0,0,0,0,0,0,0
경상북도,대구시,0,0,0,0,0,0,0,0,0,0,0,0,0,0,0,0
경상북도,대구시 남구,0,0,0,0,0,0,0,0,0,0,0,0,0,0,0,0
경상북도,대구시 북구,0,0,0,0,0,0,0,0,0,0,0,0,0,0,0,0
경상북도,대구시 서구,0,0,0,0,0,0,0,0,0,0,0,0,0,0,0,0
경상북도,대구시 수성구,0,0,0,0,0,0,0,0,0,0,0,0,0,0,0,0
경상북도,대구시 중구,0,0,0,0,0,0,0,0,0,0,0,0,0,0,0,0
경상북도,문경군,0,0,0,0,0,0,0,0,0,0,0,0,0,0,0,0
경상북도,문경시,2588,5125316,910,1671665,1171,1869787,377,887681,1,4000,80,212740,4,32760,45,446683
경상북도,봉화군,3073,5169106,1571,3327157,1308,1187229,34,44219,0,0,9,14866,2,28082,149,567553
경상북도,상주군,0,0,0,0,0,0,0,0,0,0,0,0,0,0,0,0
경상북도,상주시,13078,22291533,11893,20489440,612,614293,69,94618,0,0,58,116988,5,27542,441,948652
경상북도,선산군,0,0,0,0,0,0,0,0,0,0,0,0,0,0,0,0
경상북도,성주군,3727,18030298,115,604065,3291,14765275,37,175412,1,3040,5,7799,1,11120,277,2463587
경상북도,신안동시,0,0,0,0,0,0,0,0,0,0,0,0,0,0,0,0
경상북도,안동군,0,0,0,0,0,0,0,0,0,0,0,0,0,0,0,0
경상북도,안동시,8966,14491935,3507,7475525,4395,3283790,339,481471,0,0,91,134746,12,239075,622,2877328
경상북도,영덕군,779,2289607,254,563738,400,609679,64,103630,1,2100,6,40421,0,0,54,970039
경상북도,영양군,646,2526804,248,820960,74,135134,19,27179,2,19419,5,65827,0,0,298,1458285
경상북도,영일군,0,0,0,0,0,0,0,0,0,0,0,0,0,0,0,0
경상북도,영주군,0,0,0,0,0,0,0,0,0,0,0,0,0,0,0,0
경상북도,영주시,3168,5087301,1645,3599890,1329,1103469,25,34761,0,0,10,17318,2,12530,157,319333
경상북도,영천군,0,0,0,0,0,0,0,0,0,0,0,0,0,0,0,0
경상북도,영천시,2965,13527540,1363,4562000,272,3444312,138,1608083,1,2989,15,59943,1,32850,1175,3817363
경상북도,영풍군,0,0,0,0,0,0,0,0,0,0,0,0,0,0,0,0
경상북도,예천군,3682,4604116,1060,1865375,2265,1721891,66,91591,0,0,51,96020,7,117260,233,711979
경상북도,울릉군,1,630,0,0,1,630,0,0,0,0,0,0,0,0,0,0
경상북도,울진군,2739,2062659,551,412699,1771,1278753,14,14364,0,0,4,14085,1,150,398,342608
경상북도,월성군,0,0,0,0,0,0,0,0,0,0,0,0,0,0,0,0
경상북도,의성군,2350,8390900,1049,2309558,1050,2910291,72,87182,4,24000,30,333347,3,23295,142,2703227
경상북도,점촌시,0,0,0,0,0,0,0,0,0,0,0,0,0,0,0,0
경상북도,청도군,3227,6385603,1741,3851553,1259,1755424,35,51042,0,0,11,117926,11,27762,170,581896
경상북도,청송군,1024,3148084,880,2662873,28,340500,2,720,0,0,9,40440,0,0,105,103551
경상북도,칠곡군,1948,3056034,787,1657340,1079,1105875,9,11687,1,11200,56,234798,2,23600,14,11534
경상북도,포항시,1263,3538619,452,973934,556,922308,69,75962,4,9122,18,109660,1,5548,163,1442085
경상북도,포항시 남구,0,0,0,0,0,0,0,0,0,0,0,0,0,0,0,0
경상북도,포항시 북구,0,0,0,0,0,0,0,0,0,0,0,0,0,0,0,0
경상남도,거제군,0,0,0,0,0,0,0,0,0,0,0,0,0,0,0,0
경상남도,거제시,2109,2873409,309,428525,1634,1493100,106,147740,15,91226,16,629268,5,61884,24,21666
경상남도,거창군,4225,12696740,1517,3835841,2002,4396975,428,2695082,0,0,43,55864,0,0,235,1712978
경상남도,고성군,1696,3535801,257,435326,921,1689603,222,300924,4,20980,58,301180,9,27047,225,760741
경상남도,김해군,0,0,0,0,0,0,0,0,0,0,0,0,0,0,0,0
경상남도,김해시,1621,5988163,581,1563569,398,1366358,296,1162330,3,25747,203,1151835,17,76227,123,642097
경상남도,남해군,3154,4126740,301,594735,2769,3319576,44,107370,4,4822,17,19092,4,31168,15,49977
경상남도,동래군,0,0,0,0,0,0,0,0,0,0,0,0,0,0,0,0
경상남도,마산시,0,0,0,0,0,0,0,0,0,0,0,0,0,0,0,0
경상남도,마산시 합포구,0,0,0,0,0,0,0,0,0,0,0,0,0,0,0,0
경상남도,마산시 회원구,0,0,0,0,0,0,0,0,0,0,0,0,0,0,0,0
경상남도,밀양군,0,0,0,0,0,0,0,0,0,0,0,0,0,0,0,0
경상남도,밀양시,3216,4928746,1546,2683449,977,979132,401,658990,2,13140,64,168394,21,76759,205,348882
경상남도,부산시,0,0,0,0,0,0,0,0,0,0,0,0,0,0,0,0
경상남도,부산시 동구,0,0,0,0,0,0,0,0,0,0,0,0,0,0,0,0
경상남도,부산시 동래구,0,0,0,0,0,0,0,0,0,0,0,0,0,0,0,0
경상남도,부산시 부산진,0,0,0,0,0,0,0,0,0,0,0,0,0,0,0,0
경상남도,부산시 서구,0,0,0,0,0,0,0,0,0,0,0,0,0,0,0,0
경상남도,부산시 영도구,0,0,0,0,0,0,0,0,0,0,0,0,0,0,0,0
경상남도,부산시 중구,0,0,0,0,0,0,0,0,0,0,0,0,0,0,0,0
경상남도,사천군,0,0,0,0,0,0,0,0,0,0,0,0,0,0,0,0
경상남도,사천시,1781,3127397,308,593951,825,945801,450,614040,10,113586,71,312589,8,73956,109,473474
경상남도,산청군,4708,15958044,110,304421,3951,14100873,490,670034,0,0,27,69003,12,174785,118,638928
경상남도,삼천포시,0,0,0,0,0,0,0,0,0,0,0,0,0,0,0,0
경상남도,양산군,0,0,0,0,0,0,0,0,0,0,0,0,0,0,0,0
경상남도,양산시,942,2990375,255,1043997,416,1369314,133,318168,0,0,94,167660,7,40749,37,50487
경상남도,울산군,0,0,0,0,0,0,0,0,0,0,0,0,0,0,0,0
경상남도,울산시,0,0,0,0,0,0,0,0,0,0,0,0,0,0,0,0
경상남도,울산시 남구,0,0,0,0,0,0,0,0,0,0,0,0,0,0,0,0
경상남도,울산시 동구,0,0,0,0,0,0,0,0,0,0,0,0,0,0,0,0
경상남도,울산시 울주구,0,0,0,0,0,0,0,0,0,0,0,0,0,0,0,0
경상남도,울산시 중구,0,0,0,0,0,0,0,0,0,0,0,0,0,0,0,0
경상남도,울주군,0,0,0,0,0,0,0,0,0,0,0,0,0,0,0,0
경상남도,의령군,2600,14773006,143,255650,2074,13110609,238,276974,1,7300,55,75240,1,29200,88,1018033
경상남도,의창군,0,0,0,0,0,0,0,0,0,0,0,0,0,0,0,0
경상남도,장승포시,0,0,0,0,0,0,0,0,0,0,0,0,0,0,0,0
경상남도,진양군,0,0,0,0,0,0,0,0,0,0,0,0,0,0,0,0
경상남도,진주시,6459,30198116,1129,3016900,860,5446763,4262,21141768,0,0,84,266794,18,83800,106,242091
경상남도,진해시,0,0,0,0,0,0,0,0,0,0,0,0,0,0,0,0
경상남도,창녕군,2203,16443078,523,3371379,1203,10328010,220,2154271,11,31418,168,249025,33,74151,45,234824
경상남도,창원군,0,0,0,0,0,0,0,0,0,0,0,0,0,0,0,0
경상남도,창원시,2362,6903417,565,1237455,624,632104,544,742094,17,109288,50,129236,24,339031,538,3714209
경상남도,창원시 마산합포구,0,0,0,0,0,0,0,0,0,0,0,0,0,0,0,0
경상남도,창원시 마산회원구,0,0,0,0,0,0,0,0,0,0,0,0,0,0,0,0
경상남도,창원시 성산구,0,0,0,0,0,0,0,0,0,0,0,0,0,0,0,0
경상남도,창원시 의창구,0,0,0,0,0,0,0,0,0,0,0,0,0,0,0,0
경상남도,창원시 진해구,0,0,0,0,0,0,0,0,0,0,0,0,0,0,0,0
경상남도,충무시,0,0,0,0,0,0,0,0,0,0,0,0,0,0,0,0
경상남도,통영군,0,0,0,0,0,0,0,0,0,0,0,0,0,0,0,0
경상남도,통영시,887,1024348,357,233929,302,95707,119,63147,82,511826,13,51720,2,17070,12,50949
경상남도,하동군,3912,3698944,479,938954,1898,858089,1358,1630248,13,15770,101,117664,4,28350,59,109869
경상남도,함안군,1661,4735329,266,660768,831,1033488,383,655700,0,0,56,429711,6,142920,119,1812742
경상남도,함양군,4601,6255305,517,913286,2551,2331097,1096,1710638,0,0,102,271886,11,33990,324,994408
경상남도,합천군,2813,17790017,282,918999,1754,11213804,492,2633921,0,0,163,431201,2,4095,120,2587997
제주특별자치도,서귀포시,2330,42428023,2293,42270141,0,0,0,0,2,19170,35,138712,0,0,0,0
제주특별자치도,제주시,844,48334836,809,47919017,0,0,0,0,0,0,35,415819,0,0,0,0
